ÐÍºÅ,¼ä¾à,Á´½Ó
PH2.0,2,https://detail.tmall.com/item.htm?abbucket=0&id=41337732361&pisk=fI3EExgsfeLEVEY5PWzP7BKn4n4Lryvjr4w7ZbcuOJ23FBdPzbDdOu2SOzRrBRgQdXa3EakSN2MSZ4Nozy3sAawBpzlohzJXhETj9XULrK9fMRY1crVRKWX7qRciR8_ZVETj9f5QtIGMl2wOTQPRqaDuxP2g9RbhraDuSGVuIwVl-z2M_RFurWq3x1jgg7ylKWDusPVuw9X3Ku2Gj7wgEzqoQ0cnZNPbxIEEIwGl8JrUnf-AralFlk2mJRbknVFUH-c3Qab7ppnK_flBLZh_JfD4GvTG8xlsG2EtzK8UvVcqWkuRaGh_DJzgpD9FWWkIaqri-Q1bKVhoklz22twtyfmbDrXhxSzULo0nC_A0-uVu-JnBLNFEdbu4j2A5c5noB4zQoEB3FcGqz7uJeFkq1jgLX4J2SgW5e5jMx4nFEgr365yX_CPoeH-rFLcvfgI8jrFahBNC2gEHq5yXs5IR2kF__-OUQ&rn=6c6979dbaee7bc1f5242f2f278f9c3a1&spm=a1z10.3-b-s.w4011-25323207904.65.5e7d3d6cAZ8w0P
XH2.54,2.54,https://detail.tmall.com/item.htm?abbucket=0&id=41323653857&pisk=flm-daMPLIAuBO6AkwT0tknH-1vDiDHyrbk1xWVlRjhxQfEnr7ckAqHZMLrntvNK9jVq9yJztWNKtvgknhxiUYrUAXdMjhAE--Vrw8w5PpNbdRGUk-cxUYrUOtfBSqMP9D1N_gwQOKEbKJ5QA7sWcKe3ewZQNy1jhJNbAWGQPiNbdJbCRksChKeapgwQNJsbG8yONkZIOoMaNBFfFWjK-SMW4ZsUmMsIVHz86-7hvMH3FznIeSLDome8y54D3HbrVjDIq0z261ZEnVhKRbAVA70thuNmPIsaGVP7q0rFdaammvi3cxA5273jaXaxzQIuNynoJz0w6NP3RJU_ArBCAxHuwXwYf_ITomDIxoMDNgF-lboQqc9G8-zIo0zZqIs8fVkuq2GkgMNoWxZA4TiiXJ4ds5ehPKpA8wz736vghevIwwbgH5vJvw7UuKyYsKUh8wzJh-FMnK7F8rOP.&rn=947f7258348fdc562298f5d3b4604b73&spm=a1z10.3-b-s.w4011-25323207904.64.63583d6cwu9AeX
KF15_2EDGKD,2.54,https://detail.tmall.com/item.htm?abbucket=0&id=623190616145&pisk=fvkKpvmF4FYHPWSO6_Ogr8HWCrxMSYnet2ofEz4hNV3t0qeoty0HFfnqWHyor0a-yV4Zy7-Urza-r0GHjKvmYDyzF4LDnKAGh7fxJkZ7R36_4ouz6l0tYDyzPGbWifiFyY_C8TZ7Phe_qu77F765fhEu2ww7R7_sfua_Fzg7ON1_2oW5O81CChEYq9ZCO81_CoERF6g7FhnsQ5Y85Maleb4sxICfGl65Fv9z9rhCZTB-WkNKFDa9sCDTvWU0shJlTvgiVvDU_EQbUccxybgH7TanMcwQSXT13PG4RJDUUg1QsAmSERiMR9UK12u76X8dKyN-KbFngEC4r7Z8G8NOVTitxy37X-_dH5DiVY2sje6LJfgEFJDXm_raNfDUgvY1p-GqxJcS-FW7-jn_BgRSnxEuwZ4Yq6t9X_5zOl7kmlOkV2ClilUDvLCPa5-aXrxTZ_5z9hZTohxNa_P68&rn=7d41467c999e8e7f6ef5635978b7bc08&spm=a1z10.3-b-s.w4011-25323207904.25.16673d6cLKvL90
KF128,2.54,https://detail.tmall.com/item.htm?abbucket=0&id=611577030520&pisk=f7zopsabDuoWOEtmiiu5YJ45_HIvPQgI2JLKp2HF0xkXJuedNvW3wxLK2gwdto2Uh0Hz-WTnTWyCNvC5D7NSR2WOBybTN7_tlx4QrvP4gSGw83zQi3WIR2WOKnLEVN0QCzwTJv-qgxGnaU-zLxPqTxlyzeyE3mlZTUuUL25m3fcILeuEYx7qTx-Ea0ly3KlIOv-rY250gxGEd-TEIyzbuTFzC_E_rRzmZmSYaxz7y6hSqxFonOWaoRioQ7kDJO-bNyknhPWAmSZ448hbKNXmylFTRczy3_hzjWUiXmJvmJgot5gb7OKKDkVz8mqf7pc7Y7U3YSCMffZ4FzZnSB7zi4Dobbic7e2ZYfVslPW9vmE3ayo0cO-tQrN4Xk2Rhek8jSymXrpvW4ET6yiazLjrRn-wZwYIg6U2AHirGjDTpBEK-P1k1E1cihsS4jGRBsfDA2orGjWGisxwv0ljZ6C..&rn=d528f81108feb7d31c416468dbf651d3&spm=a1z10.3-b-s.w4011-25323207904.30.210f3d6ce9HD87
15EDG,2.54,https://detail.tmall.com/item.htm?abbucket=0&id=640465106349&pisk=fgNnpIN_BJkIDCpiSOlCUuV5DsWtAeGSpud-2bnPQco6wJERR0SuJcd-p9ZRrRqzfvnUZzOozzr5R0QCByaINbSAD7fYRyMHA47btDRwbPg2aQP7SpSSNbSAqddrdsc7cWZv90JZ7cgo8BJU4A5ZRcuEz2rrbAuqzBlz4b7i_2gXUHkrLcJZocJyaboyQCu-zLRE4p7g7cgrQFdrm7P__MUU4y-g_lFi-AWT8cW4A5u3Cm4UtQRrF2Dn0yo1Dql_4AzSE7TWZDzUhug4YHSs2-UTTAclH3iueyPLtbTWIPDu98MuOZ-jmJzgZXEhmLi4pPlZAJSJLDPQkf2rIw5USXm3cWrhiGrqnWeSEW_2cm2US7cLtapIRRrIsVNRfBouQ8PKdbtFf0eYWWkiggkBQK8hZQgNy5JWFvusSmEJy8huGwYX1NbMh9ME52IASNvSavus7ibGSKJ-LVghy&rn=2122980e6287d0eddce1d1c931b930d5&spm=a1z10.3-b-s.w4011-25323207904.29.2b853d6cfKtvF5
2EDGK,2.54,https://detail.tmall.com/item.htm?abbucket=0&id=692955660675&pisk=fBoKpTMFUCAHDKWOWaTgZun4359Ms0He-Xkfq7VhPfht3jEo-WcHVVHq6proZYN-wfVZwzJUZ7N-ZYgHInxmLvrzVbdDmn2B81Wq9Ms7PLw_38GzWRctLvrzNOfWoVMFw01IDgw7NdE_E8WQVz_Q1deuE8Z7Oz1sC8N_V7G7OO__K-y5A7Z5fdeYp86QdJ_158ycOwG7VdHsQBO819Nl24VsB5xeDJj5VDtzJSUArgI8PJaKVvN9SFmTpyF0Sd-l8DGiFDmU7ICb4A0xw4GH_gNnkAZQs2O105g4OkmU4T_QScDSqlMMOMFK5Xl7W2RdxWa-x4UnuIQ4Zzw8luaOFgMtKWh7Bo1dDPmiF0qsIBsL9VGEVkmXnayaPVmUuDA1vogqKk0StCS7tqH_XgRSmmeuysVYEw99Ba7zRR5knRTkFXQloRFDp3QPzPJaBSvTra7zJdwTidvNzaz6T&rn=c5900d5c6d8d8ed45ceae335ea7194d2&spm=a1z10.3-b-s.w4011-25323207904.39.1a363d6c5Pz1fG
DG308,2.54,https://detail.tmall.com/item.htm?abbucket=0&id=609863738806&pisk=fJJIdd1nZy4BAlGEGunN5XjGPQ6WdUM4NusJm3eU29Bd28TMlJWUT3IJFU8OU_3hLLT1KdRUUwuhF3LVFquq3x-Hx9X-uq5FMA-CHgy8ez7RW5pnC5Ws3x-HfkSK0hH2LNDIQgV8eUCdBNIFWgU8eUBOBi_TpgedeNn1SgB8wJQL6RIF0JEpygKtBMj4pyQLelKOcNQReTHZ2osSOwxIb4af7ecl7HQ_hhv1vMVHANNYGdO1OZQV58eJCMxi0M-Yhb7viw5V1FHadTtOVUfDUq2hJs9MNspqPRxOiwWeptGukZdM5nfJBqe5jht9a_9ZlA1wBHAN1C0i3E6BPspd1unkfhOOCQ6SZrQvsFtcwd3YFGA6-d6wp0lhLI-2EspKdrbNigTliLu0KwCR4oeVlCUzNl10FG_qfcNuZ-0iXvUykNwF9GjC_ci_JQfdjGMIfcNyM6IGbZmsfSYc.&rn=50d0cf90d5dc1eb8a93ed7a09c7f7174&spm=a1z10.3-b-s.w4011-25323207904.26.759b3d6cJjCxxz
DG_KF141,2.54,https://detail.tmall.com/item.htm?abbucket=0&id=625327351985&pisk=feeIpAGhZeYQIH1FG3IZ56mgEiM7dz62N3i8mupe2vHK2LaglpkeTun8FzztUbQnL8asKRPeU27nFuUqFZ7V3tr3xvDRuZ-XE6vIH0TJJUu-6fehCCk13tr3fHod0lB4LVXCTmdJezhKBVnnW0LJezHtBm39p0pKeVIsS0H-vpHJWdnmc0dp9zdt6moo2e3KvABtxmM-yzH-QJ-jV6g3AG7WlLBGX0rK5KZgCD3wtkg6kEw_1XgxuV9JeRi3jioUDK1rkS0EgfaOQpM7X0aoi87DK2hbI7GY3a9gXj0ELJHfZE3YsPZmwRQvFcq_X7l7QZ6s_RE3_fNGStzjdzGYpftRqlZ_6ANSF_Yxk54_mbeOkLig1y2sQJIPtvP408cYp9Tm7jm7rj2Pop0Kwgrv3qN9zQtsiLisuGs6ZQvcSGBpzr36LXniAfS1feFo9cm1dGs6aShKjcucfGO0o&rn=ba4a70ec17778eca1f33d4da061b7882&spm=a1z10.3-b-s.w4011-25323207904.25.53513d6cYcBvdD
KF2EDG_3.5,3.5,https://detail.tmall.com/item.htm?abbucket=0&id=614754847808&pisk=fA8Sprsox82S_jorfWhVh0fDsk7BPpgaAW1psBUz9aQR9y9DCz7z4BCpRpJA8MHlze9frE-z8TklRBpNRAkZ7VRkZabKQA7JEhzhW6wLvJWRksLolo7j7VRkG75-_I3wzt0SQ1ELJpIRktCPH6eLJpQAk6BYy6URJthfn6Qd9_UdHtCGske8JpEAk1fg2yUdp-FAt_QdppI-QBP1O06kNjkQCqw-etORhPODl_QzqQ6bYkYXcgBOQtaLJE1kif5y6PiFBhXPbi9xuz_BM69hjekgrTI6oHs97vaDMGXPzUQsxRB9mKOGvEHTRsAXMHSBuAgf0Edk0itmnVJ1Pps9yiNKtIOXDZtCRD2OBnvXsMLxBy1DcLYfuUhEqa-w_ej9y4wG3GfBKGYEIzXRvg7Y7OtYLkNfjy1fQjGbxk4inj38LdBbzgCcNiljG8Kh2sfjPjGbYhIRisWiGjZMI&rn=0e35cbb993cf1b3faec77dae6235e3ad&spm=a1z10.3-b-s.w4011-25323207904.25.7d783d6cuW8YUh
KF350,3.5,https://detail.tmall.com/item.htm?abbucket=0&id=542785284652&pisk=fWi-prMPLIAoCCBAkwT0tknNUx9DiDHyrbk1xWVlRjhxQfEnr7ckAqHZMLrntvNK9jVq9yJztWNKtvgknhxiUYrUAXdMjhAQiS2-w8s7FpwbdRlUk-cxUYrUOtfBSqMP9D15fMwQOKEbKJX7AysClKe3d_ZQNy1jhJNbAWGQNx1bKRSCRzsIhKegCJ15A8afhRyGPJGQAKHjQpOLGTNhv2VjH6xAp5ICA0tUy53G-MIK58a-AYNvoEmYezFgoK-hz0Gmd0mzuCC_Yx0t92GkgMNoWxZ7i4OfbSgaNumzY9_7omDIxoMDNgF-lblQk4RRq7aKq2Uo7CQatywL5kaAdMMxE7hQHl1RXrmmdDqjnQs8wqGrAum6Iwy4Rqmz70Af2lgZEu0IZISQZVHbDgWSjce3J1VTKa9vHw7UP-5HI-THdbQhS-FMeHQF8rJ4H5vY-w7UyKwYsKvV8wzXa&rn=1bf8ec74bf5351e624b89d3bf4db74d9&spm=a1z10.3-b-s.w4011-25323207904.25.251c3d6cyLA2yR
KF2EDG_3.81,3.81,https://detail.tmall.com/item.htm?abbucket=0&id=555809251133&rn=5b492742ad55cd118597c6d3aa08af76&spm=a1z10.3-b-s.w4011-25323207904.37.74d73d6c2YdVfy
DC_KF128,3.81,https://detail.tmall.com/item.htm?abbucket=0&id=609362960333&rn=d813bc2439f3419de01ce5435ce09ada&spm=a1z10.3-b-s.w4011-25323207904.26.24873d6cik57e6
15EDGWC,3.81,https://detail.tmall.com/item.htm?abbucket=0&id=693806563323&pisk=fCA-pyYz8mmoh2aYHJMcx6dMrJ0mmBLrE38_tMjudnKv7hCHEgxoOKLwD45Hxespvnj2v9uPxMspxe9oofcMzU5FOHnisfVRA0YB2aNCP26f7aKFHZxvzU5FArqIIKTzvBZ7_W_CAqCf-w45O9NCGqQhRk1CV9ZXlwsfOMtCdrTfSwb5Aww5GqQOy7ZCOwNbhw_FR7tCOqBjQNmdczs39pjXlHJnfGNQOQGFeGpLKWFpca6JOUjxnxAAyTIGnql3UQtDRQAP3cE1TEv9vpto0WskBE15mLib_i9NV_APTyw5nIYBtsTmV7IJh3-CHLo8Zg6pZpBkQceNx9_dC66YRWTvrgKCk1Z86tADRBfXo0NR2KtyO_AsSJ7VdKAPQQmbw19wr_vBqmPCqdLfMgkWsCQhpljO-8gxkJyFFZrnSZMnR3e3IZIiyXeULtuVkG0AKJyFeq_Ajq04LJWj4&rn=03016140452c1f5a08815d0d54e66b21&spm=a1z10.3-b-s.w4011-25323207904.20.57603d6ciGB0w9
15EDGKP,3.81,https://detail.tmall.com/item.htm?abbucket=0&id=693278677343&rn=8daac1340d9ad65ab510a8ef626b0430&spm=a1z10.3-b-s.w4011-25323207904.20.4ae83d6c6GVAoM
15EDGWB+KM,3.81,https://detail.tmall.com/item.htm?abbucket=0&id=641319651034&rn=4320cbc91320b65b5598a2acf6c9afcf&spm=a1z10.3-b-s.w4011-25323207904.25.79083d6c3M5OPp
15EDGKM,3.81,https://detail.tmall.com/item.htm?abbucket=0&id=595954889051&rn=943d6dc6eec1181510a7f4096306d1f7&spm=a1z10.3-b-s.w4011-25323207904.36.1bfa3d6cKmHY52
15EDGKA,3.81,https://detail.tmall.com/item.htm?abbucket=0&id=692956352362&pisk=fEkKdpiF4FYntisO6_Ogr8HYlDKMiYnet2ofEz4hNV3t0qeoty0HFfnqWHyor0a-yV4Zy7-Urza-r0GHjKvmYDyzF4LDnKcaFAOjJuw7O3Z_Vu0z6l0tYDyzPGbWifiFyY_BS9Z7Phe_qu77F7671hEu2ww7R7_sfua_Fzg5FGi_VuSCRuwWX1Z3qM1QVy6_1uZ0V8wSPcMwxUU1AzX-ZPiaXPI4RT6SdLPLkqCleTHzAWHSAPdMsAEL9rVMbLfEdVmSKvPwkZwrjj3-N2YNFycxfJaiOF645jzQKvyPV6NiI0MuCcYCpyhs84NtTeB3R7HnwWc2kszuNuFbF5I5Fcn3J4ZThwBYsAmSERiMR9UK12k7KxtcalPSsvPqKF6Lhjo3KbgH7TanMcwO4QMmHuVRorElOhKOa_PQbax0fQxSJ_f0Xrxpe_5z_hrTohFla_PpflUDjh5Pa5TF.&rn=8077a67de9534790747266e9019d0e94&spm=a1z10.3-b-s.w4011-25323207904.20.62e83d6ck5gVuV
15EDGRK,3.81,https://detail.tmall.com/item.htm?abbucket=0&id=663037349109&rn=553fec807bf19030c7b3986f9a7e36a3&spm=a1z10.3-b-s.w4011-25323207904.25.58573d6coWpNrG
15EDGRH,3.81,https://detail.tmall.com/item.htm?abbucket=0&id=618729247065&rn=5e0b98814b88c31ee132023f74fe6e05&spm=a1z10.3-b-s.w4011-25323207904.25.46993d6ce1vQkD
KB396,3.96,https://detail.tmall.com/item.htm?abbucket=0&id=559008921615&pisk=fvoKdeMFUCAh4ZXOWaTgZunv_FpMs0He-Xkfq7VhPfht3jEo-WcHVVHq6proZYN-wfVZwzJUZ7N-ZYgHInxmLvrzVbdDmn2UB_9x9Js7RLw_E-lzWRctLvrzNOfWoVMFw01KAMw7NdE_E8XQVzs55deuFaZ7Oz1sC8N_V7G5VA1_UJCCOg_BBGw0p7N5Vwa_f-eRRuZSNAMa9QF1d7j-r5MwnpBzTgsSA3zLM2Ql2gnbdynSd5LMSceLJS4MQ3bEAfDSxDzwMsZrIqh-PXANVW0xCkNiRCs41qPQxDrPFwaijYiufAACvW3sTbat8BI3Oznnyy02MZPuP8UbVPB5VAH39bwTc6IYScDSqlMMOMFK5Xo7xm9czRzSSDzqxCsLcqk3x4GH_gNnkAZO4QimD84RiSelRdpOzazQQ_v0CUvS9ab0BSvp2a7z7dyTidUlzazpCRFDId7PzPOF.&rn=29c65053078ae6d31d06a24c7d433ea7&spm=a1z10.3-b-s.w4011-25323207904.26.51e73d6cZiZl6a
HT3.96MM,3.96,https://detail.tmall.com/item.htm?abbucket=0&id=41272302644&rn=0d11f8a48ecee4be5e50ae0bb83e65d0&spm=a1z10.3-b-s.w4011-25323207904.37.338b3d6cE7NC06
KF127,5,https://detail.tmall.com/item.htm?abbucket=0&id=573168203712&pisk=ftsIpQT3rXcCRS4UlYew1y0g9gK5A_ZqPY9RnTnEeHKpe01GGD-E8TpRV_594UFHYg16xG7E4BPHVTC2VSP40oWhKHx8gS8v85WBDLG-wbRJWfI3fV-_0oWhCvJL3OEVYC4BHK3-2_LpXCpe6Lh-2_K9WLAtvLnp2Ce6sLK-23K-WVpyeXnJ2_nt6LpSybLJ2Ch9UL-Jw_K-QJHXFyOhdRPSi-XEQCXp1m6GfppS-9Oswbs15eOvgCi-2G9hI-JFHmayMZAeuF1TbDt5BL1kogPmxBLfjaTA07iGBEAeYMKbrjdAS16DyGFxVdX1Ba85bSZ67GBh7F_gso5XA_TAvFM8EO61Wh_WVzcvMNf1nUITM09G56j6bMez-H7V3gYAvkGD_Ev5ZEjziDApygPx0I_ta4M6o096gRwsr4m0sREKasdsYepMdFy_CXQkJdv_ARwszZLpIdR0CRgci&rn=2d714138078ed0c920b634fe49432f7b&spm=a1z10.3-b-s.w4011-25323207904.26.5c353d6cF6tVgi
KF126,5,https://detail.tmall.com/item.htm?abbucket=0&id=609363024257&pisk=fiJIpgfnZy4CVWlEGunN5X4GCTBWdUM4NusJm3eU29Bd28TMlJWUT3IJFU8OU_3hLLT1KdRUUwuhF3LVFquq3x-Hx9X-uq5sBmRAHg78pz7R6PpnC5Ws3x-HfkSK0hH2LNcBEiF8eUCdB1IFWgUR2UBOBg_TpgedeNn1SgBRvJedXhIfVkQ89UF9XMSuwJBRwGCO0iXRyUB-QSZfVX_HAcu7uFIUIa-d5-tMCMBYtH__IRJ616_AuNw8edsHjmSeD-GPkIbFg1TtQJ6WXgTliLu0KwCXIQ1v34wMXsbFLpBjZrQvsFtcwd3YFGx6XQ5WQqM1_dKH_1OiSx8fdU1vp1Z-qht66OO5Fb4AkCY6m_ptk8sM1ev1Qpnrt9R20Lfvpvac7sjWrsvroJbdwgrY3ZOTz7Z1i8s1uci_Z72mScHLzEQ_L6IGA1osfydl9Gjsdci_aICdjG7mfcNDo&rn=7afd7bec9264ce7f6878379601e2bdb5&spm=a1z10.3-b-s.w4011-25323207904.26.64a73d6cacccPY
KF128_5.0,5,https://detail.tmall.com/item.htm?abbucket=0&id=632560112771&pisk=fG7Kp-fEaR2n00htX0ZMEUQfu6VgIaCUx95jrLvnVOBOgtLlxpX3PGCVBW8lE_9ReOvNe3PeEL9RE_s3sr4cT68yPTe0orjqewChpQtBd7O6iQByXCXOT68yFfD7mG1EeaMda4OWF5L6ZQcBP3gSf5dkZXTWd3M11Q96PL6WdP96iIHIA2OQ55dvaQiBNUT65QdqdB6WP5CsQqyJCX9oygv1sGbTpKgSPwayvKQZq43RmBtdP69Tjlb99HpDj5zoYw6GNwbeb-HXz1jAeg63Q49hD1TBIMwsuds2debezbiBjNf5rF1gd2pdf9WWXMyK-ptR-gKh0-n2E3OJcUttN41OtpBW6EMKkhbGNaY1sJgppG6FPebbi0RwVGbe0w2sJEsVtej5KRuWKiC6WgP5oZdk2xvvZDNT60oyACkuiCZuN9nomCp09znr4hPw6KV9q0oyv5O9n5VZ40-_L&rn=36ee3daf2468f6cedef3480d5ebce49d&spm=a1z10.3-b-s.w4011-25323207904.26.63db3d6ccH2I8k
KF300,5,https://detail.tmall.com/item.htm?abbucket=0&id=619604202141&pisk=fMs-pg6rLSVu8HHxk2aDtHI1pge0iMBzr_WsxBAoRsCAQ1KhrQfuAZBNM8-ht9Od9sAV9eyytBOdt9_unlqGUT-eA6Fgjlm5pmKPwLiBdJ9XdpfekKfAUT-eOxcQSZ6r9MG-8D9BO-KXKplBAeiIh-pHpXtBNeGfhpOXAB1BRm6XBL3WFUtQc-p9pYgBABTfhppKAL1BA-BjQZFpGYOnvwAfn_OZqBoIAgZeyCIi-DmhsL8RATOYorjveUdMo-rnzg1cdgjyu5h6YtbO9w1ugDOlWttWiaNjbI_wN3jyYvgWoiXCxn60N0dRl_5BkaP-qQTdqwLl753wte9p5HTxdD6AEQCBHhG-XEjcdMxfn7iJwZ1PA3j_I2J2RZjy7gVj2h_NE3bCZSoBZNBXDgW5jGpHJfA9K4wYH2uePKl3IKa3d_3nSKdgek3E8Ey2HC2v-2uey-9vs-2q828ba&rn=e0e812b1cf9cad09427c6b3284dc8c8d&spm=a1z10.3-b-s.w4011-25323207904.25.155c3d6c0AiUJM
DG_KF128,5,https://detail.tmall.com/item.htm?abbucket=0&id=632560112771&rn=5f5ec04806538e81ae94819b7853a2bb&spm=a1z10.3-b-s.w4011-25323207904.26.7c6f3d6cQDri7Y
HT5.08mm,5.08,https://detail.tmall.com/item.htm?abbucket=0&id=536794759134&rn=e736826e5a3de5575ccb2cf10d5bbaa8&spm=a1z10.3-b-s.w4011-25323207904.25.23fb3d6cz7XMpY
DC126 KF126,5.08,https://detail.tmall.com/item.htm?abbucket=0&id=609363024257&pisk=fRUSp2mlxLvSJISPfBCqhgA0EU0QPJ_wABGLsWLy943-9ew0CUuy4WhLRJyx8DBozywjrrry8YWoRWeZROWN7NPuZ40dQOuG-82xWX9-ppk8MnUllnuf7NPuGQlR_SQazxj7gfKpJJn-kmhrHXpK9J3xkXMvyXL-JxCjnX3K9YL-kShr9Hh-pJKYMblHvU3Kvjnx_f0KpJ3KQkAsOgMuNsWBFyRCKxF-hFN0lbhkq7MXDnabc0HtQxTpJrGui1lz6FsEBlDrbmwAuUgQMXwnjyWMrYn_okiT79T0McDrzz31xdHTm-NivrB9RjVbMkoQuO_j0rFu0mZcnNysPJiTymOdtSNbDqZIRMvtBo2bsDUABeG0c84juzCFq4ra_ymTya9i3ccQKc4FIUD-vg7v7AZvLHOjjeGjQs1XxHYGnsQJLRHXz0hmNm5fGLEn2jcfPs1XYln-ijkGGstgI&rn=16740ce74cdf2099793817209a00681b&spm=a1z10.3-b-s.w4011-25323207904.26.292f3d6cHWZYBF
DG_KF128_5.08,5.08,https://detail.tmall.com/item.htm?abbucket=0&id=41254589655&rn=0855641a307f63b6284bd675216949e4&spm=a1z10.3-b-s.w4011-25323207904.25.58413d6cqoA0OE
DG301,5.08,https://detail.tmall.com/item.htm?abbucket=0&id=41268572645&pisk=fkIodIjfka8W6jgDnr-786xSUtavNYtBy6np9HdUuIRjvaCLFBPheInpyz1LKZfFGUdPx9iHL95QFBe7kT6WAHPT6MqOFTOo1txGqUo2gt9wLbSCn4PBAHPTtqnePlxC1g6OdQu23I9HU0oFTEk2KIJyUp5egEJwL0-FTHyDud9i8XJyzmr2eIoeUeJE3mJwp2oeU6W4npMN1DRGYis4wT5fxXRJ_ivkurBygxKh0LvksTSoYD8BEUANUIN9Qn1eu9ThAviHaT71Od5raSOdWtIyoH4tOBbdUgIkAvgcnejRRej7QfOGztjH2_ViRC7R3nR5zW3yag69mw80UuWDqQf14_qgg18G2wThVRl6saWcx3Iup495u_tDhMFj4BbV8gLWAbPX9NBA4ExN4wgq7YqnAKyd02gBzK9D66HdJHj_EAibn-0_PUJXe5e0n2tezK94s-2m72LyhL2d.&rn=c8c031a65cdf586ba90b477434979d55&spm=a1z10.3-b-s.w4011-25323207904.20.551e3d6cJERfCi
KF129,5.08,https://detail.tmall.com/item.htm?abbucket=0&id=573071946138&rn=f3d865c178849d6167e3b1646142ca1c&spm=a1z10.3-b-s.w4011-25323207904.25.5e253d6cIkxiCD
KF301,5.08,https://detail.tmall.com/item.htm?abbucket=0&id=538672925832&rn=11a6785a43600aef901f018fc87b7be0&spm=a1z10.3-b-s.w4011-25323207904.32.32f73d6ccN0RBJ
KF2EDGK,5.08,https://detail.tmall.com/item.htm?abbucket=0&id=555972961715&rn=a88abd0f405675f270ef14e56a5aedf4&spm=a1z10.3-b-s.w4011-25323207904.35.53973d6cSCfjqW
KF2EDGKA,5.08,https://detail.tmall.com/item.htm?abbucket=0&id=623496417038&rn=ba140292b3184d0e29df8439178d993d&spm=a1z10.3-b-s.w4011-25323207904.25.454a3d6cxn4Cdk
2EDGKM,5.08,https://detail.tmall.com/item.htm?abbucket=0&id=609626485938&rn=5bdf97a5e10191c43495a353773d422a&spm=a1z10.3-b-s.w4011-25323207904.36.33053d6cW5dBpI
2EDGKMB,5.08,https://detail.tmall.com/item.htm?abbucket=0&id=596133142785&rn=61f4879d35e9f439a7b1a424b7fc1b9d&spm=a1z10.3-b-s.w4011-25323207904.34.c0e13d6crr52ad
2EDGKAM,5.08,https://detail.tmall.com/item.htm?abbucket=0&id=693807159836&rn=08a637242864001a49a722b044a07de9&spm=a1z10.3-b-s.w4011-25323207904.20.64c73d6cGxkRme
2EDGRK,5.08,https://detail.tmall.com/item.htm?abbucket=0&id=596311611335&rn=8ca2b659a9feb47ba70fd9d63402b632&spm=a1z10.3-b-s.w4011-25323207904.38.31cb3d6cD8cQ85
2EDGWC,5.08,https://detail.tmall.com/item.htm?abbucket=0&id=641319575002&pisk=fIy-dYZyYZbu6u-vMB1m-ve2-dscmJEPZzr6K20kOrUYbPH3Z44ldSEakgk3-kgLJr04JXSr-2gL-kNlmOXg4ukEdyQGIOXGTf64yDGINMijAD4EMm4Y4ukERnYCsSZyJJToQLiIRiHjxcgIdXOSlinnY2MIPXTbcDgjd2aBdqZjY09WRp95DIiZvLiWN0TXhDoIAvMQRoMQxw3XV2vLtqZ9469RbppLHm_E5uex0m2xGbgsGqpCi-n-wVZuUWcI1mw0HfcDx1kbbS4SDABwP2V0XJF_4Gd-S7ZZ65cDoI4Trr2xi7Ce4qNYc5mbFGAqoSiLbxeVqIo4sDMbF5KBdoH8ZfibPUpQJz40HjVRT3ubMoNiGS7Jg4wrAylaKNJrPkZaQ5DOQUg3ileL9gW7IRnn9F0txQsADBRENm8hjm1hAzdHsm3G29deTjSqDVjxtBREwiixSij2TBlfz&rn=cf3019a4cc9fac785f526f48b867c121&spm=a1z10.3-b-s.w4011-25323207904.25.554d3d6cJ4RiZy
2EDG-UKR,5.08,https://detail.tmall.com/item.htm?abbucket=0&id=693278781897&rn=31a0a938cafa10ec53c04cb5b92fe21d&spm=a1z10.3-b-s.w4011-25323207904.20.10443d6c6Uc7vn
2EDGRKC,5.08,https://detail.tmall.com/item.htm?abbucket=0&id=692956452674&rn=dd08960cb9eeebb5b976fbbab003e2f0&spm=a1z10.3-b-s.w4011-25323207904.20.1cce3d6cdfrThn
KF2EDG_7.62,7.62,https://detail.tmall.com/item.htm?abbucket=0&id=692121471113&pisk=fgJIpFfnZy4ITGcEGunN5XvGu86WdUM4NusJm3eU29Bd28TMlJWUT3IJFU8OU_3hLLT1KdRUUwuhF3LVFquq3x-Hx9X-uqJdSu-lHgaL9z78BNpnC5Ws3x-HfkSK0hH2LN0QDiF8eUCdBNIlWgUR9UBOBg7TpgedeNn1SgB8paIdXNIlV8edwUFtBgs52MQ8pOBO4gXRyUB-QHEfVX_HAcu7WfrnFatd5-tMCMB7tH__BR9616_AuNw8edsHjmSeD-GPkIbFg1TtQJ6WXgTliLu0KwCXIQ1v34wMXsbFLpBjZrQvsFtcwd3YFGx6XQ5WQqM1_dKH_1OiSx8fdU1vp1Z-qht66OO5Fb4AkCY6m_ptk8sM1ev1Qpnrt9R20Lfvpvac7sjWrsvroJbdwgrY3ZOTz7Z1i8s1uci_Z72mScHLzEQ_L6IGA1osfydl9Gjsdci_aICdjG7mfcNDo&rn=11d91286adf8133f3680800a8b6ec650&spm=a1z10.3-b-s.w4011-25323207904.20.77b63d6cSc7t7k
KF635,6.35/7.62/9.5,https://detail.tmall.com/item.htm?abbucket=0&id=619603806586&rn=2fc4fd58e7b7b3a83fa5d55b72b41cb8&spm=a1z10.3-b-s.w4011-25323207904.25.57483d6chlr5vH
